--
-- IFW_EDRC_DESC
--
INSERT INTO IFW_EDRC_DESC ( EDRC_DESC, NAME ) VALUES ( 
'INTERCONNECT', 'Interconnect sample container description'); 

--
-- IFW_EDRC_FIELD
--
INSERT INTO IFW_EDRC_FIELD ( FIELD_ID, EDRC_DESC, FIELD_NAME, TYPE,
DESCRIPTION ) VALUES ( 
11308, 'INTERCONNECT', 'DETAIL.ASS_CBD.CP.USAGE_GL_ACCOUNT_CODE', 'String', 'optional-calculated'); 
INSERT INTO IFW_EDRC_FIELD ( FIELD_ID, EDRC_DESC, FIELD_NAME, TYPE,
DESCRIPTION ) VALUES ( 
11303, 'INTERCONNECT', 'DETAIL.ASS_CBD.CP.CHARGED_AMOUNT_VALUE', 'Decimal', 'mandatory!-calculated - contains a partial value in case of '); 
INSERT INTO IFW_EDRC_FIELD ( FIELD_ID, EDRC_DESC, FIELD_NAME, TYPE,
DESCRIPTION ) VALUES ( 
11302, 'INTERCONNECT', 'DETAIL.ASS_CBD.CP.CHARGED_CURRENCY_TYPE', 'String', 'mandatory-calculated, default=''R'''); 
INSERT INTO IFW_EDRC_FIELD ( FIELD_ID, EDRC_DESC, FIELD_NAME, TYPE,
DESCRIPTION ) VALUES ( 
11298, 'INTERCONNECT', 'DETAIL.ASS_CBD.CP.ROUNDED_QUANTITY_VALUE', 'Decimal', 'mandatory!-calculated - contains a partial value in case of '); 
INSERT INTO IFW_EDRC_FIELD ( FIELD_ID, EDRC_DESC, FIELD_NAME, TYPE,
DESCRIPTION ) VALUES ( 
11297, 'INTERCONNECT', 'DETAIL.ASS_CBD.CP.CHARGEABLE_QUANTITY_VALUE', 'Decimal', 'optional, set by input or rating, default=ROUNDED_QUANTITY_VALUE'); 
INSERT INTO IFW_EDRC_FIELD ( FIELD_ID, EDRC_DESC, FIELD_NAME, TYPE,
DESCRIPTION ) VALUES ( 
11296, 'INTERCONNECT', 'DETAIL.ASS_CBD.CP.CHARGING_START_TIMESTAMP', 'Date', 'mandatory!-calculated - contains a partial timestamp in case of '); 
INSERT INTO IFW_EDRC_FIELD ( FIELD_ID, EDRC_DESC, FIELD_NAME, TYPE,
DESCRIPTION ) VALUES ( 
11295, 'INTERCONNECT', 'DETAIL.ASS_CBD.CP.PIN_LOGIN_ALIAS', 'String', 'optional-calculated'); 
INSERT INTO IFW_EDRC_FIELD ( FIELD_ID, EDRC_DESC, FIELD_NAME, TYPE,
DESCRIPTION ) VALUES ( 
11294, 'INTERCONNECT', 'DETAIL.ASS_CBD.CP.PRODUCTCODE_USED', 'String', 'optional-calculated, only mandatory for interconnection rating'); 
INSERT INTO IFW_EDRC_FIELD ( FIELD_ID, EDRC_DESC, FIELD_NAME, TYPE,
DESCRIPTION ) VALUES ( 
11293, 'INTERCONNECT', 'DETAIL.ASS_CBD.CP.POI_USED', 'String', 'optional-calculated, only mandatory for interconnection rating'); 
INSERT INTO IFW_EDRC_FIELD ( FIELD_ID, EDRC_DESC, FIELD_NAME, TYPE,
DESCRIPTION ) VALUES ( 
11292, 'INTERCONNECT', 'DETAIL.ASS_CBD.CP.TRUNK_USED', 'String', 'optional-calculated, only mandatory for interconnection rating'); 
INSERT INTO IFW_EDRC_FIELD ( FIELD_ID, EDRC_DESC, FIELD_NAME, TYPE,
DESCRIPTION ) VALUES ( 
11290, 'INTERCONNECT', 'DETAIL.ASS_CBD.CP.NETWORK_OPERATOR_BILLINGTYPE', 'String'
, 'optional-calculated, only mandatory for interconnection rating'); 
INSERT INTO IFW_EDRC_FIELD ( FIELD_ID, EDRC_DESC, FIELD_NAME, TYPE,
DESCRIPTION ) VALUES ( 
11289, 'INTERCONNECT', 'DETAIL.ASS_CBD.CP.NETWORK_OPERATOR_CODE', 'String', 'optional-calculated, only mandatory for interconnection rating'); 
INSERT INTO IFW_EDRC_FIELD ( FIELD_ID, EDRC_DESC, FIELD_NAME, TYPE,
DESCRIPTION ) VALUES ( 
11288, 'INTERCONNECT', 'DETAIL.ASS_CBD.CP.RUM', 'String', 'mandatory-calculated'); 
INSERT INTO IFW_EDRC_FIELD ( FIELD_ID, EDRC_DESC, FIELD_NAME, TYPE,
DESCRIPTION ) VALUES ( 
11286, 'INTERCONNECT', 'DETAIL.ASS_CBD.CP.RESOURCE', 'String', 'mandatory!-calculated'); 
INSERT INTO IFW_EDRC_FIELD ( FIELD_ID, EDRC_DESC, FIELD_NAME, TYPE,
DESCRIPTION ) VALUES ( 
11281, 'INTERCONNECT', 'DETAIL.ASS_CBD.CP.TIMEZONE_CODE', 'String', 'mandatory!-calculated'); 
INSERT INTO IFW_EDRC_FIELD ( FIELD_ID, EDRC_DESC, FIELD_NAME, TYPE,
DESCRIPTION ) VALUES ( 
11280, 'INTERCONNECT', 'DETAIL.ASS_CBD.CP.TIMEMODEL_CODE', 'String', 'mandatory!-calculated'); 
INSERT INTO IFW_EDRC_FIELD ( FIELD_ID, EDRC_DESC, FIELD_NAME, TYPE,
DESCRIPTION ) VALUES ( 
11278, 'INTERCONNECT', 'DETAIL.ASS_CBD.CP.IMPACT_CATEGORY', 'String', 'mandatory!-calculated'); 
INSERT INTO IFW_EDRC_FIELD ( FIELD_ID, EDRC_DESC, FIELD_NAME, TYPE,
DESCRIPTION ) VALUES ( 
11277, 'INTERCONNECT', 'DETAIL.ASS_CBD.CP.SERVICE_CLASS_USED', 'String', 'mandatory-calculated, default=''*'''); 
INSERT INTO IFW_EDRC_FIELD ( FIELD_ID, EDRC_DESC, FIELD_NAME, TYPE,
DESCRIPTION ) VALUES ( 
11276, 'INTERCONNECT', 'DETAIL.ASS_CBD.CP.SERVICE_CODE_USED', 'String', 'mandatory!-calculated'); 
INSERT INTO IFW_EDRC_FIELD ( FIELD_ID, EDRC_DESC, FIELD_NAME, TYPE,
DESCRIPTION ) VALUES ( 
11273, 'INTERCONNECT', 'DETAIL.ASS_CBD.CP.RATEPLAN_CODE', 'String', 'mandatory!-calculated'); 
INSERT INTO IFW_EDRC_FIELD ( FIELD_ID, EDRC_DESC, FIELD_NAME, TYPE,
DESCRIPTION ) VALUES ( 
11256, 'INTERCONNECT', 'DETAIL.ASS_CBD.RECORD_TYPE', 'String', 'mandatory, must be within the defined range (970-998)'); 
INSERT INTO IFW_EDRC_FIELD ( FIELD_ID, EDRC_DESC, FIELD_NAME, TYPE,
DESCRIPTION ) VALUES ( 
11255, 'INTERCONNECT', 'DETAIL.ASS_CBD.RECORD_LENGTH', 'Integer', 'optional for backward compatibility'); 
INSERT INTO IFW_EDRC_FIELD ( FIELD_ID, EDRC_DESC, FIELD_NAME, TYPE,
DESCRIPTION ) VALUES ( 
11092, 'INTERCONNECT', 'DETAIL.INTERN_NETWORK_MODEL', 'String', 'mandatory-calculated - keeps the internal network-model code.'); 

--
-- IFW_SCENARIO
--
INSERT INTO IFW_SCENARIO ( SCENARIO_ID, CODE, NAME, EDRC_DESC, DEFAULT_TAB_NAME, DEFAULT_FLUSHMODE,
DEFAULT_THRESHOLD, DEFAULT_TEMP_DIR, DEFAULT_DONE_DIR, DEFAULT_CTL_DIR, DEFAULT_FLD_DELIM,
STATUS ) VALUES ( 
10000, 'IC_DAILY', 'Interconnect Scenario for Event Rate Currency', 'INTERCONNECT'
, 'IC_DAILY', 0, 100000, '.', '.', '.', ';', 'A'); 

--
-- IFW_AGGREGATION
--
INSERT INTO IFW_AGGREGATION ( AGGREGATION_ID, SCENARIO_ID, FIELD_ID, RANK, COL_NAME, PRECISIONDIGITS,
FUNC, STATUS ) VALUES ( 
10001, 10000, 11255, 1, 'NUM_ITEMS', NULL, 'C', 'A'); 
INSERT INTO IFW_AGGREGATION ( AGGREGATION_ID, SCENARIO_ID, FIELD_ID, RANK, COL_NAME, PRECISIONDIGITS,
FUNC, STATUS ) VALUES ( 
10002, 10000, 11297, 2, 'QUANTITY', NULL, 'S', 'A'); 
INSERT INTO IFW_AGGREGATION ( AGGREGATION_ID, SCENARIO_ID, FIELD_ID, RANK, COL_NAME, PRECISIONDIGITS,
FUNC, STATUS ) VALUES ( 
10003, 10000, 11298, 3, 'ROUNDED_QUANTITY', NULL, 'S', 'A'); 
INSERT INTO IFW_AGGREGATION ( AGGREGATION_ID, SCENARIO_ID, FIELD_ID, RANK, COL_NAME, PRECISIONDIGITS,
FUNC, STATUS ) VALUES ( 
10004, 10000, 11303, 4, 'EVENTRATE_AMOUNT', NULL, 'S', 'A'); 

--
-- IFW_CONDITION
--
INSERT INTO IFW_CONDITION ( CONDITION_ID, SCENARIO_ID, FIELD_ID, VALUE, DATATYPE,
STATUS ) VALUES ( 
10001, 10000, 11256, '990', 'S', 'A'); 
INSERT INTO IFW_CONDITION ( CONDITION_ID, SCENARIO_ID, FIELD_ID, VALUE, DATATYPE,
STATUS ) VALUES ( 
10002, 10000, 11302, 'R', 'S', 'A'); 

--
-- IFW_GROUPING
--
INSERT INTO IFW_GROUPING ( GROUPING_ID, SCENARIO_ID, FIELD_ID, RANK, COL_NAME, COL_FORMAT, DATATYPE,
STATUS ) VALUES ( 
10001, 10000, 11092, 1, 'NETWORKMODEL', NULL, 'S', 'A'); 
INSERT INTO IFW_GROUPING ( GROUPING_ID, SCENARIO_ID, FIELD_ID, RANK, COL_NAME, COL_FORMAT, DATATYPE,
STATUS ) VALUES ( 
10004, 10000, 11256, 5, 'SEQUENCE_NUMBER', NULL, 'S', 'A'); 
INSERT INTO IFW_GROUPING ( GROUPING_ID, SCENARIO_ID, FIELD_ID, RANK, COL_NAME, COL_FORMAT, DATATYPE,
STATUS ) VALUES ( 
10005, 10000, 11256, 6, 'BILLRUN', NULL, 'S', 'A'); 
INSERT INTO IFW_GROUPING ( GROUPING_ID, SCENARIO_ID, FIELD_ID, RANK, COL_NAME, COL_FORMAT, DATATYPE,
STATUS ) VALUES ( 
10006, 10000, 11256, 7, 'SWITCH', NULL, 'S', 'A'); 
INSERT INTO IFW_GROUPING ( GROUPING_ID, SCENARIO_ID, FIELD_ID, RANK, COL_NAME, COL_FORMAT, DATATYPE,
STATUS ) VALUES ( 
10011, 10000, 11273, 12, 'RATEPLAN', NULL, 'S', 'A'); 
INSERT INTO IFW_GROUPING ( GROUPING_ID, SCENARIO_ID, FIELD_ID, RANK, COL_NAME, COL_FORMAT, DATATYPE,
STATUS ) VALUES ( 
10012, 10000, 11276, 13, 'SERVICECODE', NULL, 'S', 'A'); 
INSERT INTO IFW_GROUPING ( GROUPING_ID, SCENARIO_ID, FIELD_ID, RANK, COL_NAME, COL_FORMAT, DATATYPE,
STATUS ) VALUES ( 
10013, 10000, 11277, 14, 'SERVICECLASS', NULL, 'S', 'A'); 
INSERT INTO IFW_GROUPING ( GROUPING_ID, SCENARIO_ID, FIELD_ID, RANK, COL_NAME, COL_FORMAT, DATATYPE,
STATUS ) VALUES ( 
10014, 10000, 11278, 15, 'IMPACT_CATEGORY', NULL, 'S', 'A'); 
INSERT INTO IFW_GROUPING ( GROUPING_ID, SCENARIO_ID, FIELD_ID, RANK, COL_NAME, COL_FORMAT, DATATYPE,
STATUS ) VALUES ( 
10015, 10000, 11280, 16, 'TIMEMODEL', NULL, 'S', 'A'); 
INSERT INTO IFW_GROUPING ( GROUPING_ID, SCENARIO_ID, FIELD_ID, RANK, COL_NAME, COL_FORMAT, DATATYPE,
STATUS ) VALUES ( 
10016, 10000, 11281, 17, 'TIMEZONE', NULL, 'S', 'A'); 
INSERT INTO IFW_GROUPING ( GROUPING_ID, SCENARIO_ID, FIELD_ID, RANK, COL_NAME, COL_FORMAT, DATATYPE,
STATUS ) VALUES ( 
10017, 10000, 11286, 19, 'RESOURCE_NAME', NULL, 'S', 'A'); 
INSERT INTO IFW_GROUPING ( GROUPING_ID, SCENARIO_ID, FIELD_ID, RANK, COL_NAME, COL_FORMAT, DATATYPE,
STATUS ) VALUES ( 
10018, 10000, 11288, 20, 'RUM', NULL, 'S', 'A'); 
INSERT INTO IFW_GROUPING ( GROUPING_ID, SCENARIO_ID, FIELD_ID, RANK, COL_NAME, COL_FORMAT, DATATYPE,
STATUS ) VALUES ( 
10002, 10000, 11289, 2, 'NETWORK_OPERATOR', NULL, 'S', 'A'); 
INSERT INTO IFW_GROUPING ( GROUPING_ID, SCENARIO_ID, FIELD_ID, RANK, COL_NAME, COL_FORMAT, DATATYPE,
STATUS ) VALUES ( 
10010, 10000, 11290, 11, 'BILL_DIRECTION', NULL, 'S', 'A'); 
INSERT INTO IFW_GROUPING ( GROUPING_ID, SCENARIO_ID, FIELD_ID, RANK, COL_NAME, COL_FORMAT, DATATYPE,
STATUS ) VALUES ( 
10008, 10000, 11292, 9, 'TRUNK', NULL, 'S', 'A'); 
INSERT INTO IFW_GROUPING ( GROUPING_ID, SCENARIO_ID, FIELD_ID, RANK, COL_NAME, COL_FORMAT, DATATYPE,
STATUS ) VALUES ( 
10007, 10000, 11293, 8, 'POI', NULL, 'S', 'A'); 
INSERT INTO IFW_GROUPING ( GROUPING_ID, SCENARIO_ID, FIELD_ID, RANK, COL_NAME, COL_FORMAT, DATATYPE,
STATUS ) VALUES ( 
10009, 10000, 11294, 10, 'IC_PRODUCT', NULL, 'S', 'A'); 
INSERT INTO IFW_GROUPING ( GROUPING_ID, SCENARIO_ID, FIELD_ID, RANK, COL_NAME, COL_FORMAT, DATATYPE,
STATUS ) VALUES ( 
10020, 10000, 11295, 3, 'PIN_LOGIN_ALIAS', NULL, 'S', 'A'); 
INSERT INTO IFW_GROUPING ( GROUPING_ID, SCENARIO_ID, FIELD_ID, RANK, COL_NAME, COL_FORMAT, DATATYPE,
STATUS ) VALUES ( 
10003, 10000, 11296, 4, 'DAY', 'YYYYMMDD', 'S', 'A'); 
INSERT INTO IFW_GROUPING ( GROUPING_ID, SCENARIO_ID, FIELD_ID, RANK, COL_NAME, COL_FORMAT, DATATYPE,
STATUS ) VALUES ( 
10019, 10000, 11308, 18, 'GLACCOUNT', NULL, 'S', 'A'); 

--
-- IFW_CLASS
--
INSERT INTO IFW_CLASS ( CLASS_ID, CODE, NAME, DATATYPE ) VALUES ( 
10000, 'BILLRUNDEF', 'Billrun Default Class', 'S'); 
INSERT INTO IFW_CLASS ( CLASS_ID, CODE, NAME, DATATYPE ) VALUES ( 
10001, 'SEQ_DEF', 'Sequence Default Class', 'S'); 
INSERT INTO IFW_CLASS ( CLASS_ID, CODE, NAME, DATATYPE ) VALUES ( 
10002, 'SWITCHDEF', 'Switch Default Class', 'S'); 

--
-- IFW_CLASSITEM
--
INSERT INTO IFW_CLASSITEM ( CLASSITEM_ID, CODE, NAME, DATATYPE,
VALUE ) VALUES ( 
10000, '-1', 'Billrun Constant -1', 'S', '990'); 
INSERT INTO IFW_CLASSITEM ( CLASSITEM_ID, CODE, NAME, DATATYPE,
VALUE ) VALUES ( 
10001, '0', 'Sequence Constant 0', 'N', '990'); 
INSERT INTO IFW_CLASSITEM ( CLASSITEM_ID, CODE, NAME, DATATYPE,
VALUE ) VALUES ( 
10002, 'NONE', 'Switch Constant NONE', 'S', '990'); 

--
-- IFW_CLASS_LNK
--
INSERT INTO IFW_CLASS_LNK ( CLASS_ID, CLASSITEM_ID ) VALUES ( 
10000, 0); 
INSERT INTO IFW_CLASS_LNK ( CLASS_ID, CLASSITEM_ID ) VALUES ( 
10000, 10000); 
INSERT INTO IFW_CLASS_LNK ( CLASS_ID, CLASSITEM_ID ) VALUES ( 
10001, 0); 
INSERT INTO IFW_CLASS_LNK ( CLASS_ID, CLASSITEM_ID ) VALUES ( 
10001, 10001); 
INSERT INTO IFW_CLASS_LNK ( CLASS_ID, CLASSITEM_ID ) VALUES ( 
10002, 0); 
INSERT INTO IFW_CLASS_LNK ( CLASS_ID, CLASSITEM_ID ) VALUES ( 
10002, 10002); 

--
-- IFW_GROUPING_CNF
--
INSERT INTO IFW_GROUPING_CNF ( GROUPING_CNF_ID, GROUPING_ID,
CLASS_ID ) VALUES ( 
10000, 10005, 10000); 
INSERT INTO IFW_GROUPING_CNF ( GROUPING_CNF_ID, GROUPING_ID,
CLASS_ID ) VALUES ( 
10001, 10004, 10001); 
INSERT INTO IFW_GROUPING_CNF ( GROUPING_CNF_ID, GROUPING_ID,
CLASS_ID ) VALUES ( 
10002, 10006, 10002); 

commit;
